City,Climate,HousingCost,HlthCare,Crime,Transp,Educ,Arts,Recreat,Econ,Pop
"Abilene,TX",5.167701863354036,0.5632812077268547,0.2484949404380684,2.808219178082192,3.8582887700534756,5.076923076923078,0.16651085671952445,2.4555555555555557,6.615717375630858,0.058586427096173815
"Akron,OH",5.838509316770185,1.6119257615929872,2.066094530549507,2.6392694063926943,4.997326203208555,3.5432692307692317,0.9722540701673927,5.182222222222222,1.8817591925018027,0.7275910143286629
"Albany,GA",4.509316770186334,1.179589849034143,0.7365185090303573,3.0228310502283104,1.8529411764705879,4.129807692307693,0.03263189459016104,1.2422222222222223,3.179524152847873,0.06037645968329089
"Albany-Schenectady-Troy,NY",4.608695652173912,1.4874736215572746,1.777891635711541,1.3789954337899542,7.671122994652405,8.163461538461538,0.8119168151270879,2.9266666666666667,4.0648882480173025,0.9413623073446986
"Albuquerque,NM",6.88198757763975,1.7499053081543208,2.3184321762520814,5.365296803652968,7.2366310160427805,6.370192307692308,0.78387102464149,5.137777777777777,3.86733958183129,0.43457607461927406
"Alexandria,LA",5.155279503105589,0.35712353227639193,0.7646983476367363,1.9132420091324198,1.7366310160427805,6.110576923076925,0.04974159067256981,1.5955555555555558,3.185291997116078,0.08823764716168414
"Allentown,Bethlehem,PA-NJ",5.63975155279503,1.6930902007467132,0.7403612142948636,0.9406392694063925,2.320855614973262,6.937500000000002,0.4023424408657153,1.8155555555555556,2.9589041095890414,0.697334592769413
"Alton,Granite-City,IL",5.366459627329192,0.7185758346409825,1.1809914179582428,1.8173515981735158,5.120320855614972,5.980769230769232,0.2531176688480059,2.177777777777778,3.9653929343907706,0.2501284378823988
"Altoona,PA",5.6645962732919255,0.558411341377631,0.49827078263097224,0.4155251141552512,4.145721925133689,5.177884615384617,0.03598327835888028,2.0222222222222226,1.70872386445566,0.0898681598379765
"Amarillo,TX",6.260869565217391,0.7505005140414478,0.8018444985269629,3.493150684931507,5.022727272727272,5.533653846153847,0.2086677367576244,1.7977777777777781,4.608507570295602,0.13501838314758602
"Anaheim-Santa-Ana,CA",9.68944099378882,5.891456090038418,2.538747278083771,3.082191780821918,3.7553475935828877,5.490384615384617,0.9842484962870195,6.346666666666667,4.578226387887527,2.276981118565792
"Anchorage,AK",1.1180124223602483,3.796331367350252,0.7147431791981554,4.178082191780822,5.275401069518717,3.4278846153846168,0.4046354929179969,6.0,6.666186012977649,0.1359097463134157
"Anderson,IN",5.279503105590061,0.29489746225853564,0.687844242346612,2.602739726027397,2.299465240641711,3.6923076923076934,0.0666748981355723,1.1955555555555555,0.4686373467916365,0.09317424043254982
"Anderson,SC",6.037267080745341,0.3062604837400573,0.995260663507109,3.045662100456621,2.0882352941176467,5.1490384615384635,0.02063746847053428,0.6955555555555556,1.754866618601298,0.0857449963413926
"Ann-Arbor,MI",5.478260869565217,3.168118608300417,3.157422825669271,3.4657534246575343,3.058823529411764,7.9086538461538485,1.324149365882913,4.417777777777777,2.211968276856525,0.24588959200773586
"Anniston,AL",5.6521739130434785,0.20074671284021406,0.7109004739336493,3.730593607305936,2.5481283422459895,2.3461538461538467,0.03809994179175559,1.9222222222222225,2.4297043979812543,0.06933758200206255
"Appleton-Oshkosh-Neenah,WI",3.614906832298136,1.470699637465505,1.0119123863199693,0.9908675799086757,2.878342245989305,5.495192307692308,0.19649692201859134,4.477777777777778,3.215573179524153,0.2783062297639556
"Asheville,NC",7.316770186335402,0.845733455981819,1.4871269373639042,1.178082191780822,5.268716577540106,6.197115384615385,0.23618436138500343,2.7600000000000002,3.1016582552271093,0.11947432466149815
"Athens,GA",6.161490683229813,0.828959471890049,0.7198667862174971,2.853881278538813,0.963903743315508,4.543269230769232,0.616301836205528,1.557777777777778,3.0973323720259556,0.08182397257913618
"Atlanta,GA",7.341614906832296,1.7082408960554085,4.037402331241194,4.566210045662101,9.711229946524064,6.51923076923077,1.324149365882913,2.3600000000000003,4.71521268925739,2.527247157592643
"Atlantic-City,NJ",6.3354037267080745,3.200584383961907,0.76085564237223,7.168949771689498,3.2232620320855614,5.903846153846155,0.100365124442171,5.357777777777778,7.299206921413122,0.26006007446779106
"Augusta,GA-SC",5.329192546583851,0.6130620637411397,2.247982579736134,2.5753424657534243,1.8422459893048124,5.8365384615384635,0.17550667630924452,1.3622222222222224,3.440519105984138,0.34473105125691345
"Aurora-Elgin,IL",4.583850931677018,2.82722796385477,1.4858460356090688,2.3424657534246576,3.7406417112299466,2.4375000000000018,0.6711586968408798,3.3333333333333335,2.9589041095890414,0.307821066394257
"Austin,TX",4.099378881987578,1.9869054704831992,0.9465863968233635,3.383561643835616,3.375668449197861,6.548076923076925,0.9353888487114811,1.6955555555555555,6.335976928622927,0.5770334435319608
"Bakersfield,CA",5.6521739130434785,1.5740490233212485,0.48289996157294734,5.7214611872146115,3.4491978609625664,4.1490384615384635,0.20637468470534281,2.8177777777777777,4.341744772891131,0.41434870638485144
"Baltimore,MD",5.7391304347826075,2.158432985228072,4.507493275265786,6.493150684931507,8.36898395721925,8.509615384615385,1.7173195985395022,5.833333333333333,3.5443403028118237,2.6018927341846663
"Bangor,ME",4.298136645962732,1.1460418808506034,0.9440245933136928,1.5662100456621004,5.973262032085561,5.927884615384617,0.3427230875063941,4.1066666666666665,3.06705118961788,0.02569244731672289
"Baton-Rouge,LA",3.9999999999999996,1.5821654672366217,0.38298962469578585,5.739726027397261,2.919786096256684,4.490384615384617,0.7381863722152646,2.4733333333333336,4.705118961788031,0.5252357454651595
"Battle-Creek,MI",5.24223602484472,0.6401168767923813,1.0977328038939413,3.301369863013699,4.6885026737967905,3.759615384615385,0.053269363060695324,2.9955555555555557,1.3886085075702956,0.09587877266111239
"Beaumont-Port-Arthur,TX",3.9503105590062106,0.6108976786970404,0.7339567055206866,4.589041095890411,2.1885026737967914,5.01923076923077,0.3074453636251389,3.3622222222222224,4.288392213410237,0.3807496729537401
"Beaver-County,PA",5.975155279503104,1.464747578594232,1.0477776354553607,0.009132420091324311,2.426470588235294,4.009615384615385,0.21731077910853192,2.6222222222222222,0.1067051189617878,0.17245320069394815
"Bellingham,WA",8.285714285714285,1.7152751474487307,0.2523376457025746,2.3607305936073057,3.5173796791443848,5.177884615384617,0.22048577425784488,6.444444444444444,1.7332372025955296,0.053434299289308346
"Benton-Harbor,MI",5.7267080745341605,0.8668362101617877,0.675035224798258,4.027397260273973,2.4652406417112296,4.057692307692308,0.0047624927239694505,2.615555555555556,0.850757029560202,0.13206787365195022
"Bergen-Passaic,NJ",5.63975155279503,5.112277474162654,3.353400794159088,2.506849315068493,3.1631016042780744,9.384615384615385,1.6319475067468645,3.595555555555556,4.284066330209084,1.4979650251986663
"Billings,MT",4.3105590062111805,1.7076997997943835,0.5584731651082362,2.2922374429223744,6.871657754010695,6.283653846153847,0.1280581376889563,3.8800000000000003,4.135544340302811,0.055058723419386
"Biloxi-Gulfport,MS",5.95031055900621,0.7028840430712622,0.5097988984244908,2.2922374429223744,1.832887700534759,4.283653846153847,0.11059566436773499,4.013333333333333,3.974044700793078,0.14537256484027736
"Binghampton,NY",5.527950310559005,1.6763162166549428,1.2347892916613297,0.4885844748858448,4.524064171122994,6.495192307692308,0.2728731942215088,3.16,3.7043979812545054,0.2443211825028333
"Birmingham,AL",6.298136645962732,0.8938910232130297,2.1122069937235817,3.7214611872146115,5.390374331550802,5.528846153846155,0.6889739474009137,2.075555555555556,2.592645998558039,0.9998927198156973
"Bismarck,ND",0.5465838509316769,1.7347546128456255,0.9747662354297425,0.47945205479452047,4.2219251336898385,4.735576923076923,0.20443440989187378,2.9555555555555557,4.288392213410237,0.02090563228273845
"Bloomington,IN",5.627329192546583,1.0264596071641146,0.881260407326758,1.5936073059360731,0.8034759358288768,5.634615384615385,0.3704161007531794,3.755555555555556,2.572458543619322,0.04379491292222089
"Bloomington-Normal,IL",4.745341614906831,1.891131432281803,0.9888561547329319,1.6666666666666667,6.342245989304812,5.543269230769232,0.2501190623180992,2.9000000000000004,4.063446286950253,0.06859234394538527
"Boise-City,ID",6.049689440993788,1.6568367512580489,0.5251697194825157,2.6118721461187215,7.259358288770052,3.3173076923076934,0.41151464907484164,3.048888888888889,2.2898341744772894,0.13421104191951894
"Boston,MA",6.434782608695652,3.490070883610194,6.734981426924555,4.141552511415525,7.561497326203208,8.548076923076925,3.702397121337731,6.1466666666666665,4.784426820475847,3.3402872649166646
"Boulder-Longmont,CO",4.3975155279503095,3.655105243222769,1.1771487126937366,3.5616438356164384,7.9719251336898385,4.259615384615385,0.6369393046760623,8.248888888888889,5.886085075702956,0.15441162055059698
"Bradenton,FL",4.161490683229813,1.6681997727395705,0.3714615089022672,3.584474885844749,3.556149732620321,4.860576923076923,0.017991639179440144,2.3311111111111114,6.333093006488825,0.10426270079873204
"Brazoria,TX",3.9503105590062106,1.7504464044153458,0.5059561931599846,2.1004566210045663,1.6657754010695185,4.889423076923078,0.25646905261672515,2.6933333333333334,4.2898341744772885,0.13001116274063002
"Bremerton,WA",8.732919254658384,2.1108165142578867,0.3420007685410529,1.5662100456621004,0.7018716577540105,4.052884615384617,0.05820824440407105,3.7177777777777776,3.7865897620764244,0.1026918558753436
"Bridgeport-Milford,CT",6.745341614906831,4.474866078675396,3.211220699372358,2.8995433789954337,2.74331550802139,6.384615384615385,1.4668477589825903,3.5844444444444448,5.98702235039654,0.4575384178133327
"Bristol,CT",5.105590062111801,2.641631946323251,1.1938004355065968,1.082191780821918,4.478609625668449,4.45673076923077,0.08149154216569947,1.06,5.020908435472242,0.013324174536214123
"Brockton,MA",5.838509316770185,1.6795627942210922,1.1182272319713078,4.69406392694064,3.5628342245989297,4.942307692307693,0.34378141922283173,2.037777777777778,5.558759913482335,0.1462115665086608
"Brownsville-Harlington,TX",4.161490683229813,0.11741788864238956,0.061483284232099394,3.0410958904109586,2.6390374331550803,3.4230769230769234,0.01940274813469035,6.0,2.7728911319394376,0.17889001175211194
"Bryan-College-Station,TX",3.4534161490683224,1.6606244250852225,0.7646983476367363,3.2328767123287676,1.8516042780748663,6.115384615384617,0.343957807842238,2.4733333333333336,7.202595529920691,0.0374664779866785
"Buffalo,NY",5.788819875776397,1.5718846382771492,3.102344050211349,3.0273972602739727,5.66711229946524,6.826923076923078,1.5019490942444393,4.757777777777777,2.8868060562364812,1.1600531457021988
"Burlington,NC",6.608695652173912,0.5519181862453331,1.2181375688484695,1.821917808219178,1.0227272727272725,3.9326923076923084,0.013934700933095796,0.8911111111111111,3.7995674116798845,0.04444516965794913
"Burlington,VT",3.4534161490683224,2.4425085222661114,2.262072499039324,0.8493150684931507,8.022727272727272,7.798076923076925,0.2979203781772,6.793333333333333,5.307858687815429,0.06391512274326513
"Canton,OH",5.838509316770185,1.1758021752069694,0.5123607019341616,1.5616438356164382,4.189839572192513,5.062500000000002,0.16527613638368052,1.9044444444444446,2.5984138428262433,0.4159706950964432
"Casper,WY",3.677018633540372,2.532330501596234,0.38683232996029204,3.109589041095891,4.364973262032086,3.6153846153846168,0.04427354347097526,2.5222222222222226,4.697909156452775,0.011003220719176643
"Cedar-Rapids,IA",4.086956521739131,1.4149667225799467,1.017035993339311,1.8538812785388126,5.51470588235294,4.41346153846154,0.15028310373414708,2.668888888888889,2.8320115356885367,0.13024009207830212
"Champaign-Urbana-Rantoul,IL",5.217391304347826,1.8765218332341327,0.8056872037914692,3.2602739726027394,8.425133689839571,6.951923076923078,0.37941192034289944,3.111111111111111,3.5183850036049025,0.12855600019532057
"Charleston,SC",5.763975155279503,1.2136789134787076,1.818880491866274,5.420091324200913,4.093582887700535,7.033653846153847,0.5187589296738574,5.024444444444444,3.039653929343908,0.44768106149175957
"Charleston,WV",6.48447204968944,1.4230831664953199,0.8517996669655438,1.8858447488584476,5.782085561497325,5.735576923076925,0.4503201453442224,1.2088888888888891,3.1896178803172317,0.2517918287082504
"Charlotte-Gastonia-Rock-Hill,NC-SC",6.695652173913043,1.0876034846599212,1.2245420776226463,4.406392694063927,6.622994652406415,6.39423076923077,0.7515919072901416,2.08,3.7865897620764244,1.1063753045643032
"Charlottesville,VA",6.3726708074534155,2.365672853200584,1.6715767900602025,2.045662100456621,6.545454545454545,8.596153846153848,0.24165240858659798,3.12,4.340302811824081,0.06179630866055516
"Chattanooga,TN-GA",5.850931677018632,0.5573291488555814,0.6673498142692456,2.9132420091324205,3.016042780748663,3.4326923076923084,0.42880073377665673,2.0844444444444448,2.079307858687815,0.4429052058409616
"Chicago,IL",5.0807453416149055,3.113467885936908,7.330600742923018,3.315068493150685,8.819518716577539,8.581730769230772,4.373379429559204,5.68,3.1146359048305694,7.303292771032549
"Chico,CA",6.186335403726707,1.8548779827931385,0.2561803509670808,2.917808219178082,3.9064171122994646,6.85096153846154,0.28133984795301004,2.7622222222222224,3.261715933669791,0.09867219766440932
"Cincinnati,OH-KY-IN",5.95031055900621,1.6146312428981116,2.6834891763801716,3.0593607305936077,6.15374331550802,5.85096153846154,1.6996807365988746,4.779999999999999,3.208363374188897,1.6301120499514075
"Clarksville-Hopkinsville,TN-KY",5.453416149068323,0.45884962934906115,0.5162034071986679,1.9543378995433789,1.4451871657754007,4.58173076923077,0.01040692854497028,4.264444444444444,2.645998558038933,0.10642778783267362
"Cleveland,OH",5.888198757763975,2.1692549104485686,4.001537082105802,3.7899543378995437,8.272727272727272,6.110576923076925,2.2272590972430457,6.666666666666666,2.6445565969718814,2.235720258578122
"Colorado-Springs,CO",5.229813664596273,1.8126724744332012,0.868451389778404,3.552511415525114,2.9999999999999996,5.062500000000002,0.2993314871324502,4.611111111111111,6.710886806056235,0.300291970145179
"Columbia,MO",5.41614906832298,1.3760077917861588,2.443960548225951,3.45662100456621,3.67379679144385,3.2500000000000018,0.4991797929197608,2.2911111111111113,3.0310021629416006,0.045732288327733295
"Columbia,SC",5.229813664596273,1.276987176018614,1.765082618163187,5.552511415525114,6.302139037433154,5.802884615384617,0.4298590654930944,2.631111111111111,3.221341023792357,0.4228714533761659
"Columbus,GA-AL",5.118012422360248,0.35604133975434227,1.0119123863199693,2.3378995433789953,2.4732620320855614,4.634615384615385,0.3190870125059531,2.031111111111111,2.5479452054794525,0.21477468543221556
"Columbus,OH",5.627329192546583,1.5875764298468695,2.297937748174715,3.5799086757990866,4.303475935828876,5.8990384615384635,1.1634593336037957,3.8222222222222224,3.056957462148522,1.4381304461284823
"Corpus-Christi,TX",3.1925465838509317,0.9577403820139603,0.5315742282566926,4.689497716894977,3.3168449197860963,5.47596153846154,0.34219392164817525,3.86,5.255948089401587,0.3207543562634884
"Cumberland,MD-WV",6.037267080745341,0.48428115361722845,0.9184065582169847,0.13242009132420085,3.4278074866310155,7.990384615384615,0.056620746829414564,1.6355555555555559,2.4455659697188175,0.054750642980923
"Dallas,TX",5.453416149068323,2.2504193496022946,3.563468681952094,5.575342465753424,6.775401069518715,7.53846153846154,1.8319722011535815,4.466666666666667,6.726748377793799,2.3070207878797993
"Danbury,CT",5.763975155279503,5.011092473351009,2.9550403484052774,1.0958904109589038,2.098930481283422,6.384615384615385,1.2987494046884094,2.8266666666666667,5.789473684210526,0.13096341136860656
"Danville,VA",5.46583850931677,0.29760294356366,0.7044959651594722,0.32420091324200917,2.6951871657754007,5.971153846153847,0.005820824440407105,0.44666666666666666,2.0850757029560203,0.05963000391737064
"Davenport-Rock-Island-Moline,IA-IL",4.161490683229813,1.5821654672366217,1.3705648776738826,2.4018264840182644,3.6925133689839567,5.76923076923077,0.17021501772705624,3.6,2.814708002883922,0.3910527108582281
"Dayton-Springfield,OH",5.453416149068323,1.3397543422974945,2.830792878186243,3.8493150684931505,4.852941176470587,5.1490384615384635,1.214082867373397,1.8266666666666667,2.1441961067051185,1.0706866820723122
"Daytona-Beach,FL",5.6645962732919255,1.1060007575347655,0.8710131932880748,4.744292237442922,3.9732620320855614,4.379807692307693,0.13352618489055085,8.148888888888889,5.114635904830569,0.23860038447951637
"Decatur,IL",4.658385093167702,1.209891239651534,0.8825413090815935,2.6894977168949774,3.6390374331550803,4.721153846153847,0.043391600373943864,2.048888888888889,1.7721701514059118,0.08348005714953019
"Denver,CO",5.167701863354036,3.0463719495698287,3.1894453695401563,4.82648401826484,9.358288770053475,6.942307692307693,1.4860741184978745,4.497777777777777,5.93943763518385,1.6634103091995134
"Des-Moines,IA",4.211180124223603,1.5524051728802553,1.5537338286153453,3.3607305936073057,5.850267379679144,4.384615384615385,0.318381458028328,3.3377777777777777,3.317952415284787,0.3710859324017939
"Detroit,MI",5.354037267080745,1.8213300146095994,5.250416293070321,5.840182648401826,4.897058823529411,6.552884615384617,1.8233291588026739,4.851111111111111,1.238644556596972,5.388670262724423
"Dothgan,AL",2.869565217391304,0.29706184730263496,0.7044959651594722,2.840182648401827,1.4532085561497325,2.5432692307692317,0.011465260261407935,0.92,3.4722422494592644,0.07261565528404834
"Dubuque,IA",3.9006211180124217,1.5334668037443864,0.7646983476367363,1.2009132420091324,3.3729946524064167,4.807692307692308,0.05079992238900746,2.8600000000000003,1.3035328046142753,0.037657658337819575
"Duluth,MN-WI",1.0931677018633539,0.4767058059628808,1.429486358396311,0.821917808219178,5.427807486631016,4.41346153846154,0.41010354011959144,6.237777777777778,1.2645998558038931,0.2482056749878016
"East-St.-Louis-Belleville,IL",5.366459627329192,0.7261511822953302,0.513641603688997,3.5981735159817347,7.211229946524064,4.466346153846155,0.15028310373414708,2.9111111111111114,4.42393655371305,0.2889964992076975
"Eau-Claire,WI",1.8881987577639747,1.0383637249066608,0.96708082490073,0.5707762557077625,2.74331550802139,6.052884615384617,0.3095620270580142,2.437777777777778,3.320836337418889,0.0829406119549092
"El-Paso,TX",6.049689440993788,1.1817542340782423,0.621237351095171,4.634703196347032,3.4224598930481283,3.7403846153846168,0.6611045455347221,1.7800000000000002,2.934390771449171,0.5078809533348246
"Elkhart-Goshen,IN",5.167701863354036,0.7651101130891185,0.7083386704239785,0.9863013698630139,4.041443850267379,4.01923076923077,0.05309297444128905,1.606666666666667,1.685652487382841,0.09073151569121865
"Elmira,NY",4.496894409937887,1.0383637249066608,0.6647880107595747,1.2511415525114156,2.9131016042780744,6.245192307692308,0.1756830649286508,2.888888888888889,2.549387166546503,0.042420119186945285
"Enid,OK",4.422360248447205,0.9036307559114767,0.7467657230690405,2.4520547945205475,1.5601604278074865,5.110576923076923,0.028751344963222975,2.0,7.5313626532083635,0.0
"Erie,PA",6.211180124223603,1.3830420431794819,0.6225182528500064,1.4931506849315068,6.161764705882353,4.51923076923077,0.3492494664244263,2.3111111111111113,1.808219178082192,0.2641941973475614
"Eugene-Springfield,OR",7.90062111801242,2.278556355175586,0.6353272703983605,2.584474885844749,5.545454545454545,6.812500000000002,0.45490624944878555,6.888888888888888,0.0,0.25864874945522737
"Evansville,IN-KY",5.527950310559005,0.8570964774633407,0.947867298578199,2.538812785388128,3.143048128342246,5.26923076923077,0.32173284179704725,2.937777777777778,3.116077865897621,0.2598981191384805
"Fall-River,MA-RI",6.683229813664596,2.0875493750338183,1.0977328038939413,2.525114155251141,4.621657754010695,3.5480769230769234,0.1229428677261743,3.788888888888889,2.6517664023071372,0.11495418795171686
"Fargo-Moorhead,ND-MN",0.5341614906832297,1.6281586494237326,1.1233508389906495,0.8904109589041094,6.925133689839571,3.8701923076923084,0.36318416735752207,2.4755555555555557,3.675558759913482,0.09102863674649522
"Fayetteville,NC",5.6645962732919255,0.6033223310426923,1.06186755475855,3.8447488584474883,4.3542780748663095,6.490384615384617,0.1396997865697705,0.908888888888889,3.1867339581831287,0.224472521842964
"Fayettteville-Sprindale,AR",5.515527950310558,0.8262539905849251,0.7057768669143076,1.082191780821918,3.2566844919786093,3.0432692307692317,0.328611997953892,3.1,2.2869502523431864,0.045875978018399835
"Fitchburg-Leominster,MA",4.9937888198757765,1.6736107353498184,0.7839118739592673,1.5844748858447486,1.4692513368983957,5.278846153846155,0.03845271903056814,1.088888888888889,2.960346070656092,0.03799009296114132
"Flint,MI",5.403726708074533,1.10654185379579,0.8722940950429102,6.223744292237443,5.036096256684491,3.89423076923077,0.3723563755666484,2.3444444444444446,0.9790915645277583,0.4720194161303368
"Florence,AL",5.478260869565217,0.4345002976029435,0.722428589727168,0.9497716894977166,0.41310160427807485,3.4903846153846168,0.17092057220468135,1.5422222222222222,2.086517664023072,0.08797340425596686
"Florence,SC",5.552795031055901,0.7299388561225042,0.9926988599974381,4.684931506849315,5.1042780748663095,6.76923076923077,0.10159984477801492,1.1111111111111112,2.5912040374909875,0.05765000868835546
"Fort-Collins-Lover=land,CO",4.782608695652174,2.592933282831016,0.881260407326758,1.9908675799086757,1.9946524064171123,3.4230769230769234,0.27463708041557156,8.666666666666668,5.170872386445566,0.10516624105699113
"Fort-Lauderdale-Hollywood-Pompano-Beach,FL",5.801242236024844,3.0577349710513504,1.5486102215960036,5.607305936073059,4.065508021390373,4.966346153846155,0.3483675233273949,4.788888888888889,5.8990627253064165,1.1633750565169303
"Fort-Myers,FL",2.944099378881987,2.239597424381797,0.6442935826822083,2.187214611872146,4.596256684491978,4.942307692307693,0.057855467165258495,8.233333333333334,5.9423215573179515,0.17345781081937098
"Fort-Pierce,FL",6.17391304347826,1.9928575293544721,0.6199564493403356,5.0867579908675795,1.334224598930481,6.985576923076925,0.055738803732383185,3.9066666666666667,7.105984138428262,0.10761627205377988
"Fort-Smith,AR-OK",4.683229813664596,0.3381851631405226,0.5418214422953759,1.6210045662100454,2.6029411764705883,5.89423076923077,0.016404141604783658,3.1911111111111112,2.6012977649603464,0.12176240032897634
"Fort-Walton-Beach,FL",5.354037267080745,1.2959255451544829,0.5648776738824132,1.0776255707762556,2.3275401069518713,5.326923076923078,0.006173601679219657,3.9822222222222226,4.754145638067772,0.057354105342321826
"Fort-Wayne,IN",5.0186335403726705,0.8516855148530924,1.3026770846676061,1.8356164383561644,5.709893048128341,5.1490384615384635,0.49282980262113485,3.135555555555556,1.6582552271088682,0.3547625400002265
"Forth-Arlington,TX",5.254658385093167,1.5134462420864674,1.2744972460612272,4.748858447488584,4.447860962566844,4.451923076923078,1.1313566048718535,4.591111111111111,5.50396539293439,1.1085026426117137
"Fresno,CA",5.63975155279503,2.2358097505546235,0.4175739720763417,5.365296803652968,4.3355614973262036,3.39423076923077,0.6251212671758418,5.964444444444444,3.8947368421052637,0.5501622536680751
"Gadsden,AL",5.229813664596273,0.12066446620853855,0.741642116049699,2.013698630136986,1.3756684491978608,2.8750000000000018,0.017815250560033868,0.0,1.6943042537851483,0.04899696680804677
"Gainesville,FL",3.68944099378882,1.20610356582436,2.1621621621621623,6.164383561643835,3.1844919786096253,6.697115384615385,0.5790838375108037,2.082222222222222,3.884643114635905,0.1321835560300292
"Galveston-Texas-City,TX",7.7267080745341605,1.4111790487527731,1.7855770462405534,4.132420091324201,3.0454545454545454,5.326923076923078,0.30056620746829416,6.0,4.298485940879596,0.1621014544197427
"Gary-Hammond,IN",4.695652173913043,1.343000919863644,1.692071218137569,3.141552511415525,6.2967914438502675,3.966346153846155,0.716666960647699,3.6444444444444444,1.126171593366979,0.7062238702428515
"Glens-Falls,NY",4.608695652173912,1.0610897678697038,0.0,1.187214611872146,1.4652406417112296,4.677884615384617,0.09719012929285803,3.5177777777777783,3.0583994232155733,0.05702410613748596
"Grand-Forks,ND",0.0,1.4820626589470267,1.365441270654541,0.42465753424657526,5.9385026737967905,4.903846153846155,0.32967032967032966,2.2311111111111113,3.7505407354001434,0.003994086316832596
"Grand-Rapids,MI",5.0683229813664585,1.4182133001460961,1.5767900602023825,2.940639269406393,3.0868983957219247,4.826923076923078,0.5649727479583017,3.5755555555555554,2.599855803893295,0.6561748026489074
"Great-Falls,MT",3.788819875776397,1.0735349818732751,0.7992826950172922,2.2100456621004563,3.4786096256684487,4.980769230769232,0.06155962817279029,4.168888888888889,2.3821196827685656,0.02176777042673768
"Greeley,CO",4.782608695652174,1.6552134624749746,0.8492378634558729,3.1324200913242013,0.6631016042780749,5.543269230769232,0.21201912052634364,0.9755555555555556,3.4578226387887527,0.07381509888834106
"Green-Bay,WI",3.2546583850931676,1.7542340782425194,1.1182272319713078,1.2557077625570774,3.5401069518716572,4.427884615384617,0.4400896054186584,3.611111111111111,3.7563085796683495,0.13694358146066904
"Greensboro-Winston-Salem-High-Point,NC",6.472049689440993,1.0307883772523132,2.1147687972332525,3.0091324200913245,4.422459893048128,6.677884615384617,0.7295433298643571,3.0022222222222226,3.113193943763518,0.9608103416636418
"Greenville-Spartanburg,SC",6.832298136645962,0.6368702992262323,1.558857435634687,4.004566210045662,3.7499999999999996,7.379807692307693,0.44397015504559645,2.466666666666667,2.8363374188896895,0.6164604333997675
"Hagerstown,MD",5.7515527950310545,1.4090146637086738,0.9926988599974381,1.45662100456621,3.056149732620321,6.197115384615385,0.13634840280105126,2.646666666666667,2.0648882480173034,0.06120937280545963
"Hamilton-Middletown,OH",5.428571428571429,1.6600833288241974,1.3987447162802613,2.666666666666667,2.931818181818181,5.028846153846155,0.3993438343358086,2.897777777777778,2.268204758471521,0.2386308272105898
"Harrisburg-Lebanon-Carlisle,PA",5.602484472049689,1.4782749851198531,2.618163186883566,1.465753424657534,6.709893048128341,7.322115384615385,0.5346339054204222,2.737777777777778,3.2833453496755585,0.599524533249003
"Hartford,CT",5.105590062111801,3.5133380228342626,3.1740745484821313,4.433789954337899,7.987967914438501,9.264423076923078,0.6286490395639673,3.3111111111111113,4.70367700072098,0.7952895596897326
"Hickory,NC",6.434782608695652,0.8662951139007631,1.2335083899064943,2.0867579908675795,2.082887700534759,4.927884615384617,0.02398885223925352,1.1044444444444443,2.426820475847152,0.17034656370366755
"Honolulu,HI",7.602484472049689,6.418483848276609,1.6075317023184323,2.6621004566210047,6.371657754010695,3.85096153846154,1.2551814156950594,7.562222222222222,3.088680605623648,0.8520859541987894
"Houma-Thibodaux,LA",3.9999999999999996,1.0470212650830582,0.6916869476111183,0.4200913242009132,0.0,1.41346153846154,0.11870954086042368,5.333333333333333,5.215573179524153,0.13888704541239613
"Houston,TX",3.9627329192546576,2.4895838969752715,3.1049058537210197,5.438356164383562,4.653743315508022,7.548076923076925,1.9439789744765668,3.388888888888889,6.372025955299206,3.2548710500708644
"Huntington-Ashland,WV-KY-OH",6.596273291925465,0.7970347924895838,1.0657102600230564,1.63013698630137,3.818181818181818,3.9615384615384635,0.37800081138764924,1.2000000000000002,1.9293439077144914,0.33315307177507064
"Huntsville,AL",6.149068322981366,0.608192197391916,0.8223389266043294,2.812785388127854,2.026737967914438,2.6730769230769234,0.32967032967032966,1.7222222222222223,4.855082912761356,0.1633508241029958
"Indianapolis,IN",5.614906832298136,1.0026513716790215,2.8179838606378893,3.159817351598173,6.228609625668449,4.754807692307693,1.110542747781913,3.5688888888888894,2.937274693583273,1.3440526654376734
"Iowa-City,IA",4.086956521739131,2.3104810345760507,3.0664788010759576,2.383561643835616,2.1724598930481283,5.485576923076925,0.3885841285520258,2.68,3.056957462148522,0.023011051563776128
"Jackson,MI",5.130434782608695,0.8846923867756074,0.814653516075317,3.255707762557078,4.886363636363637,4.58173076923077,0.047801315859100774,3.628888888888889,1.1204037490987746,0.10798036711741799
"Jackson,MS",3.813664596273292,1.1287268004978084,2.240297169207122,3.5753424657534243,5.042780748663102,6.870192307692308,0.556858871465613,2.5044444444444447,3.0872386445565967,0.36436052425305415
"Jacksonville,FL",4.3726708074534155,0.7937882149234348,1.45766619700269,4.123287671232877,5.970588235294118,6.47596153846154,0.37217998694724214,5.742222222222222,4.461427541456381,0.8029964414882794
"Jacksonville,NC",5.7018633540372665,0.5151236404956441,0.8927885231202767,3.0091324200913245,0.8489304812834222,4.543269230769232,0.09084013899423209,1.948888888888889,4.817591925018025,0.06084162461409273
"Janesville-Beloit,WI",4.48447204968944,1.2380282452248252,0.8415524529268605,2.5114155251141552,2.6029411764705883,3.9951923076923084,0.18344416418252693,2.9222222222222225,1.9120403749098775,0.0932765280089565
"Jersey-City,NJ",6.161490683229813,1.9755424490016775,2.1980274112975535,5.141552511415525,5.129679144385026,4.197115384615385,1.2996313477854409,1.557777777777778,2.658976207642394,0.6017334578156902
"Johnson-City-Kingsport-Bristol,TN-VA",6.93167701863354,0.5194524105838427,1.4205200461124632,0.5296803652968036,1.85427807486631,5.884615384615385,0.33037588414795477,4.122222222222222,2.67916366258111,0.45154850604732677
"Johnstown,PA",5.490683229813664,0.7385963962989015,0.881260407326758,0.20547945205479445,4.275401069518717,4.759615384615385,0.1083026123154534,1.3400000000000003,1.6380677721701513,0.24559490637094517
"Joliet,IL",4.645962732919255,2.2552892159515174,1.3001152811579353,2.415525114155251,4.6791443850267385,5.610576923076925,0.5512144356446121,2.968888888888889,2.2869502523431864,0.35584143038946847
"Joplin,MO",5.900621118012422,0.0,0.5853721019597796,1.4611872146118718,1.5909090909090908,5.625000000000002,0.004938881343375726,1.1133333333333333,3.2862292718096615,0.0787772640533084
"Kalamazoo,MI",5.24223602484472,1.4934256804285484,1.2809017548354042,3.7077625570776256,5.713903743315507,5.745192307692308,0.35612862258127104,4.14,2.5219899062725304,0.18211815895513728
"Kankakee,IL",4.695652173913043,1.1206103565824361,0.7249903932368387,3.050228310502283,3.073529411764705,5.548076923076925,0.004056938246344347,1.8200000000000003,3.6539293439077145,0.04883744689722205
"Kansas-City,KS",5.515527950310558,1.6054326064606892,2.1365441270654544,3.808219178082192,5.161764705882353,6.379807692307693,0.19667331063799762,1.655555555555556,4.500360490266763,0.5555323514294263
"Kansas-City,MO",5.515527950310558,1.0372815323846112,2.4285897271679264,5.296803652968037,6.315508021390373,6.000000000000002,0.9703137953539237,3.8733333333333335,2.6243691420331654,1.037009715249653
"Kenosha,WI",4.857142857142856,1.8164601482603757,1.3116433969514538,2.7534246575342465,4.449197860962567,5.85096153846154,0.6688656447885982,4.275555555555555,3.072819033886085,0.07344856840621708
"Kileen-Temple,TX",3.2298136645962727,0.7055895243763866,0.4547201229665685,1.9406392694063925,2.2954545454545454,7.048076923076925,0.1531053216446475,1.4022222222222225,4.738284066330209,0.18489210061054723
"Knoxville,TN",7.0186335403726705,0.8295005681510741,1.1745869091840657,1.4337899543378996,4.181818181818182,5.096153846153847,0.5744977334062406,4.92,3.5933669790915648,0.6126904055836353
"Kokomo,IN",5.0559006211180115,0.7883772523131864,0.7083386704239785,0.47945205479452047,0.8983957219251337,5.783653846153847,0.04109854832166228,1.5555555555555558,0.5537130497476568,0.049798219489899154
"La-Crosse,WI",3.068322981366459,1.704994318489259,0.8236198283591648,1.6803652968036527,6.61898395721925,6.375000000000002,0.2494135078404741,3.6733333333333333,3.7534246575342465,0.034383238183562606
"Lafayette,IN",4.832298136645962,1.417131107624046,0.7839118739592673,0.7168949771689499,5.094919786096256,5.980769230769232,0.38505635616390027,3.364444444444445,1.8572458543619321,0.07170115564260282
"Lafayette,LA",4.024844720496894,1.8467615388777663,0.6468553861918791,3.2968036529680367,5.512032085561497,2.903846153846155,0.30338842537879457,3.186666666666667,9.599134823359769,0.15514955235181668
"Lake-Charles,LA",4.521739130434781,0.9534116119257616,0.3471243755603945,3.584474885844749,3.2139037433155075,3.0528846153846168,0.24764962164641136,3.4555555555555553,4.076423936553713,0.12713249809032748
"Lake-County,IL",5.0807453416149055,4.3953249283047455,1.5293966952734726,2.34703196347032,3.044117647058823,4.355769230769232,0.6515795600867832,4.7444444444444445,3.907714491708724,0.459748560089263
"Lakeland-Winter-Haven,FL",2.5093167701863353,0.8230074130187761,0.35865249135391314,4.863013698630137,3.0307486631016043,6.235576923076925,0.04533187518741291,4.917777777777777,3.675558759913482,0.31518211876780977
"Lancaster,PA",5.63975155279503,1.878686218278232,1.3680030741642117,0.47945205479452047,3.693850267379679,6.7115384615384635,0.1698622404882437,1.8822222222222225,2.9920692141312184,0.36473557869987866
"Lansing-East-Lansing,MI",4.658385093167702,1.4869325252962504,1.7010375304214167,2.6757990867579906,5.898395721925134,5.721153846153847,0.7327183250136701,2.908888888888889,2.454217736121125,0.43463696008142094
"Laredo,TX",3.9627329192546576,0.5373085871976624,0.5405405405405406,3.3881278538812785,2.9104278074866303,5.41346153846154,0.01728608470181504,0.8933333333333334,3.1997116077865897,0.04437088939412999
"Las-Cruces,NM",5.552795031055901,0.9755965586277799,0.6980914563852952,5.2465753424657535,2.4652406417112296,4.97596153846154,0.48542148060607127,2.908888888888889,3.310742609949531,0.04081761382324049
"Las-Vegas,NV",5.602484472049689,2.5685839510848982,0.4726527475342641,7.328767123287671,6.356951871657753,2.5961538461538467,0.2705801421692272,8.213333333333335,4.311463590483056,0.4874088255425717
"Lawrence,KS",5.0683229813664585,1.2650830582760673,0.7403612142948636,3.2420091324200913,2.387700534759358,4.802884615384617,0.5464519429206427,3.226666666666667,2.2033165104542176,0.005869358550955231
"Lawrence-Haverhill,MA-NH",5.503105590062111,2.8434608516855144,1.4845651338542334,2.744292237442923,3.248663101604278,3.7403846153846168,0.36318416735752207,3.508888888888889,5.020908435472242,0.3364165325461412
"Lawton,OK",4.645962732919255,0.37389751636816193,0.5559113615985654,3.872146118721461,1.6323529411764706,3.2403846153846168,0.2166052246309068,3.237777777777778,4.4124008651766395,0.06044221598240945
"Lewiston-Auburn,ME",4.782608695652174,0.929062280179644,0.9171256564621494,2.082191780821918,2.4010695187165774,4.7740384615384635,0.12064981567389271,3.451111111111111,2.0173035328046147,0.026631301143027142
"Lexington-Fayette,KY",6.583850931677018,1.7212272063200045,2.3273984885359296,3.410958904109589,3.92379679144385,5.576923076923078,0.6251212671758418,2.4511111111111115,4.6142754145638065,0.31028327448347515
"Lima,OH",5.180124223602483,0.9885828688923759,0.8940694248751121,2.4977168949771684,3.929144385026738,4.4615384615384635,0.22930520522815867,2.506666666666667,1.8284066330209088,0.11199880761910933
"Lincoln,NE",3.639751552795031,1.6757751203939177,0.9376200845395158,2.1963470319634704,5.97994652406417,5.658653846153847,0.7886335173654595,3.342222222222222,2.6863734679163667,0.15838013497332792
"Little-Rock,North-Little-Rock,AR",4.869565217391305,1.1422542070234294,2.3286793902907648,4.657534246575342,4.065508021390373,4.230769230769232,0.3753549820965551,2.582222222222222,3.2126892573900507,0.501287057784322
"Longview-Marshall,TX",4.906832298136646,0.7840484822249878,0.5969002177532983,3.050228310502283,2.0521390374331547,5.360576923076925,0.04974159067256981,1.1866666666666665,5.555875991348234,0.10829331839285275
"Lorain-Elyria,OH",5.888198757763975,1.704453222228234,1.3603176636351992,1.3744292237442923,3.320855614973262,4.235576923076923,0.44326460056797135,2.8933333333333335,0.3691420331651045,0.2582627356252164
"Los-Angeles,Long-Beach,CA",9.68944099378882,4.712407337265299,6.545407967208915,7.543378995433789,4.27807486631016,7.182692307692308,4.147778385338578,8.106666666666667,3.274693583273251,9.02892802254613
"Louisville,KY-IN",6.3478260869565215,0.8944321194740543,2.648904828999616,2.872146118721461,5.71524064171123,6.379807692307693,0.857954244792126,3.6488888888888886,3.3987022350396536,1.0885541297939234
"Lowell,MA-NH",5.229813664596273,2.4246523456522917,1.3321378250288203,2.333333333333333,3.5762032085561493,3.7403846153846168,0.530047801315859,1.8422222222222224,5.19971160778659,0.21957976610484403
"Lubbock,TX",6.198757763975154,0.9907472539364752,1.0977328038939413,5.93607305936073,4.02807486631016,4.057692307692308,0.5909018750110242,3.115555555555556,4.149963950973323,0.18123288433552226
"Lynchburg,VA",6.670807453416149,0.9604458633190842,0.8825413090815935,1.5296803652968036,5.032085561497325,5.298076923076923,0.18115111213024535,2.531111111111111,2.712328767123288,0.09555242658400531
"Macon,Warner-Robbins,GA",4.248447204968944,0.5822195768627236,0.7044959651594722,2.1689497716894977,2.6724598930481283,4.567307692307693,0.24394546063887956,2.008888888888889,3.7692862292718097,0.24448070241365805
"Madison,WI",3.3913043478260865,2.5637140847356745,2.7219162290252337,2.1506849315068495,6.602941176470587,6.471153846153847,0.8944666890092251,3.6533333333333338,3.4650324441240086,0.31748724236468906
"Manchester,NH",3.714285714285714,2.5436935230777555,0.8889458178557704,1.4840182648401827,4.612299465240641,4.937500000000002,0.07461238600885471,1.1933333333333334,5.848594087959626,0.08095939901665108
"Mansfield,OH",5.627329192546583,0.9317677614847679,0.33303445625720507,3.4885844748858448,2.314171122994652,5.625000000000002,0.0885470869419505,1.8511111111111114,1.933669790915645,0.08327304657823095
"McAllen-Edinburg-Mission,TX",1.652173913043478,0.10064390455061956,0.4214166773408479,2.410958904109589,1.299465240641711,4.533653846153847,0.2079621822799993,1.686666666666667,3.884643114635905,0.2683940765264503
"Medford,OR",6.285714285714285,2.0826795086845946,0.27283207377994106,1.917808219178082,3.164438502673797,5.26923076923077,0.31820506940892174,2.48,0.9329488103821202,0.08479640084114484
"Melbourne-Titusville-Palm-Bay,FL",5.925465838509316,1.9273848817704673,0.6071474317919815,3.3378995433789953,1.891711229946524,5.35096153846154,0.06790961847141623,7.777777777777778,5.831290555155011,0.2558882026014897
"Memphis,TN-AR-MS",5.0807453416149055,1.0042746604620962,2.5618035096708085,5.3881278538812785,6.8208556149732615,5.302884615384617,0.7821071384474273,3.7644444444444445,3.049747656813266,1.0358468029226484
"Miami-Hialeah,FL",6.571428571428571,2.7639197013148635,2.908927885231203,9.821917808219178,5.42379679144385,5.66346153846154,0.8440195438590302,8.88888888888889,4.030281182408075,1.9032320560496954
"Middlesex-Somerset,Hunterdon,NJ",5.63975155279503,3.7746875169092577,3.261175867810939,1.7488584474885844,4.081550802139038,8.836538461538462,1.4121672869666448,2.8800000000000003,4.72819033886085,1.0028602772407342
"Middletown,CT",6.062111801242235,3.5133380228342626,1.077238375816575,1.54337899543379,4.66711229946524,6.860576923076925,0.11959148395745506,3.071111111111111,4.70367700072098,0.022846660815979664
"Midland,TX",6.186335403726707,1.9008711649802503,0.06916869476111183,3.917808219178082,5.568181818181818,3.4375000000000018,0.0680860070908225,2.671111111111111,10.0,0.02413012635803502
"Milwaukee,WI",4.4099378881987565,2.714679941561604,3.8555142820545667,2.365296803652968,5.080213903743315,6.45673076923077,1.5370504295062881,5.782222222222222,2.7930785868781545,1.6248174501631183
"Minneapolis-St.-Paul,MN-WI",2.335403726708074,2.38082354850928,4.983988728064557,2.730593607305936,5.963903743315507,6.307692307692308,2.0570440795159897,4.128888888888889,4.034607065609228,2.5259101128438983
"Mobile,AL",4.186335403726707,0.8359937232833721,1.8265659023952863,5.493150684931507,2.941176470588235,5.182692307692308,0.30197731642354436,4.142222222222222,2.191780821917808,0.46360139213391494
"Modesto,CA",6.633540372670806,1.878145122017207,0.3893941334699628,3.8630136986301373,1.143048128342246,4.3990384615384635,0.10212901063623375,1.1844444444444444,2.973323720259553,0.24729239305559902
"Monmouth-Ocean,NJ",6.3354037267080745,3.517666792922461,3.1241193800435507,2.333333333333333,2.0655080213903743,5.221153846153847,1.3248549203605382,7.208888888888889,4.483056957462148,0.9575955892622887
"Monroe,LA",4.3478260869565215,0.557870245116606,0.36889970539259637,2.9634703196347036,3.2901069518716572,3.6153846153846168,0.2603496022436632,2.757777777777778,3.5933669790915648,0.09305855805447083
"Montgomery,AL",4.695652173913043,0.8630485363346141,1.0106314845651339,2.315068493150685,3.1604278074866303,3.3028846153846168,0.23318575485509674,1.8044444444444445,2.6633020908435476,0.25555698568741086
"Muncie,IN",5.279503105590061,0.3468427033169199,1.1604969898808761,2.1689497716894977,4.251336898395721,6.076923076923078,0.43144656306775087,2.506666666666667,1.3482335976928628,0.08008508378022247
"Muskegon,MI",5.900621118012422,0.6666305935825982,0.8402715511720251,5.6118721461187215,2.9518716577540105,4.466346153846155,0.0841373714567936,5.257777777777777,0.9560201874549392,0.11540108724387466
"Nashua,NH",5.378881987577639,3.029056869217034,1.0375304214166774,0.6575342465753422,2.907754010695187,4.937500000000002,0.3651244421709911,2.717777777777778,5.64816149963951,0.09705995062676104
"Nashville,TN",6.149068322981366,1.4290352253665928,2.3145894709875754,3.0867579908675804,5.193850267379679,5.105769230769232,0.7567071772529236,3.4422222222222225,4.171593366979092,0.9591713050226489
"Nassua-Suffolk,NY",6.844720496894409,3.235214544667496,4.964775201742026,1.178082191780822,1.3021390374331547,7.370192307692308,1.5148254634610974,7.5666666666666655,6.237923576063446,3.096626080823503
"New-Bedsford,MA",6.683229813664596,1.584329852280721,0.6097092353016523,3.2146118721461185,2.772727272727272,3.5480769230769234,0.125941474256081,2.555555555555556,2.728190338860851,0.12649441844702863
"New-Britain,CT",5.105590062111801,2.894864996482874,1.539643909312156,2.71689497716895,5.020053475935828,6.860576923076925,0.23071631418340888,2.037777777777778,4.9387166546503245,0.09671168578328113
"New-Haven-Meriden,CT",5.937888198757763,3.409447540717494,2.5938260535416933,2.6712328767123292,6.407754010695188,8.625000000000002,1.375831231368952,2.897777777777778,3.5082912761355445,0.5329353210082487
"New-London-Norwich,CT-RI",5.937888198757763,2.7374059845246466,0.6571026002305623,1.4840182648401827,4.491978609625669,7.418269230769232,0.1961441447797788,4.402222222222222,5.229992790194665,0.22895247414772835
"New-Orleans,LA",4.881987577639752,1.8159190519993507,3.257333162546433,5.917808219178082,4.59090909090909,6.221153846153847,1.3980561974141428,7.111111111111111,4.914203316510454,1.4532580480534858
"New-York,NY",6.621118012422359,4.436448244142633,10.0,10.0,9.999999999999998,6.168269230769232,10.0,7.286666666666666,3.3064167267483775,10.0
"Newark,NJ",6.161490683229813,4.9028732211460415,5.204303829896246,5.264840182648402,3.16711229946524,7.985576923076925,2.499779514225742,3.3733333333333335,3.813987022350396,2.211529246757941
"Niagara-Falls,NY",5.577639751552795,1.3673502516097615,0.5943384142436275,2.1324200913242004,5.90374331550802,4.0240384615384635,0.16121919813733618,3.4955555555555553,2.0447007930785865,0.20035457257735834
"Norfolk-Virginia-Beach-Newport-News,VA",6.546583850931677,1.844597153833667,2.4196234148840783,3.146118721461187,2.7673796791443848,6.312500000000002,1.240893937523151,5.92,4.067772170151406,1.3364249347399175
"Norwalk,CT",6.745341614906831,8.112115145284346,3.1856026642756503,1.447488584474886,3.1965240641711223,6.384615384615385,1.2737022207327182,4.373333333333333,4.883922134102379,0.0777775247648573
"Oakland,CA",9.999999999999998,4.315783777934095,2.9704111694633024,5.593607305936073,7.065508021390373,4.543269230769232,1.0777344645723457,4.653333333333333,3.4780100937274696,2.068813723485751
"Ocala,FL",2.8322981366459623,0.8608841512905148,0.5712821826565903,4.65296803652968,3.546791443850267,5.591346153846155,0.03774716455294304,6.211111111111111,5.789473684210526,0.07265827510755113
"Odessa,TX",6.186335403726707,0.8278772793679994,0.43678749839887276,6.34703196347032,1.068181818181818,4.903846153846155,0.03651244421709911,1.3333333333333335,6.517664023071378,0.06399549155329895
"Oklahoma-City,OK",5.577639751552795,1.096802121097343,2.0238247726399385,4.5159817351598175,4.430481283422459,5.802884615384617,0.8450778755754679,3.2044444444444444,7.316510454217736,0.9719134145407393
"Olympia,WA",7.7142857142857135,1.6795627942210922,0.3778660176764442,2.0273972602739727,3.9278074866310155,4.442307692307693,0.11571093433051699,2.557777777777778,2.692141312184571,0.07482092672300683
"Omaha,NE-IA",4.161490683229813,1.0654185379579029,3.2227488151658767,3.1963470319634704,6.231283422459892,6.576923076923078,0.6588114934824405,3.726666666666667,4.049026676279741,0.6360119730043603
"Orange-County,NY",5.0186335403726705,2.713056652778529,1.9610605866530038,2.2648401826484017,2.8796791443850265,5.062500000000002,1.2232550755825233,3.48,4.004325883201153,0.2396244779528262
"Orlando,FL",4.3726708074534155,1.6433093447324278,0.9248110669911618,6.223744292237443,6.339572192513369,6.129807692307693,0.46372568041909934,5.735555555555555,6.298485940879596,0.775966949422812
"Owensboro,KY",5.204968944099379,0.8662951139007631,0.9850134494684258,1.187214611872146,1.5080213903743314,3.7980769230769234,0.13264424179351947,1.2266666666666666,4.350396539293438,0.028164397079884523
"Oxnard-Ventura,CA",9.751552795031055,4.783832043720578,1.3615985653900347,2.205479452054794,1.461229946524064,2.1826923076923084,0.4792478789268516,4.0777777777777775,3.560201874549387,0.567883576280534
"Panama-City,FL",5.354037267080745,0.6568908608841513,0.20238247726399383,4.730593607305936,2.1831550802139037,3.841346153846155,0.12400119944261195,3.9755555555555557,4.380677721701513,0.04252240676335198
"Parkerburg-Marietta,WV-OH",6.3602484472049685,0.8105621990152048,0.7967208915076214,0.821917808219178,4.350267379679144,3.8557692307692317,0.00687915615684476,1.8844444444444446,3.088680605623648,0.11579684274782912
"Pascagoula,MS",5.95031055900621,0.5892538282560467,0.7044959651594722,1.2922374429223742,0.8088235294117645,0.0,0.01816802779884642,3.68,2.0850757029560203,0.06721146166389497
"Pawtucket-Woonsocket-Attleboro,RI-MA",5.975155279503104,2.3283372111898704,1.375688484693224,1.9908675799086757,4.803475935828876,6.5240384615384635,0.07549432910588609,2.6955555555555555,3.0410958904109586,0.2978309797652038
"Pensacola,FL",5.354037267080745,0.7142470645527839,0.6660689125144101,5.315068493150685,2.370320855614973,5.83173076923077,0.33549115411073677,4.133333333333333,4.3028118240807505,0.276373725195415
"Peoria,IL",4.795031055900621,1.7471998268491964,1.461508902267196,2.7990867579908674,2.4358288770053473,3.6105769230769234,0.39546328470887054,3.0844444444444448,1.4823359769286233,0.3690194798165302
"Philadelphia,PA-NJ",6.521739130434781,1.704994318489259,6.551812475983092,3.429223744292237,6.36096256684492,10.000000000000002,3.0370592489372585,3.7311111111111113,3.739005046863735,5.667216381209237
"Phoenix,AZ",5.354037267080745,2.0356041339754345,1.973869604201358,4.383561643835616,4.791443850267379,5.966346153846155,0.7974529483357733,4.826666666666666,4.8594087959625085,1.7610900738309292
"Pine-Bluff,AR",4.447204968944099,0.2786645744277907,0.7352376072755219,3.9315068493150687,0.7032085561497325,4.10096153846154,0.056620746829414564,1.0955555555555554,1.7332372025955296,0.03397165245944998
"Pittsburgh,PA",5.975155279503104,1.590823007413019,4.316638913795312,1.7305936073059358,5.977272727272727,8.860576923076925,1.9432734199989417,4.1,3.195385724585436,2.6254420132338208
"Pittsfield,MA",4.683229813664596,1.4328228991937664,0.833867042397848,1.5068493150684932,3.4946524064171123,7.514423076923078,0.03104439701550456,2.488888888888889,3.5155010814708003,0.02517005005150301
"Portland,ME",4.695652173913043,1.591364103674044,1.0131932880748047,2.351598173515981,5.401069518716577,6.115384615384617,0.40551743601502827,6.8133333333333335,4.529199711607786,0.15953330562638904
"Portland,OR",8.236024844720497,2.5718305286510468,1.9815550147303704,5.461187214611872,6.419786096256685,7.894230769230772,0.9009930679272573,4.96,2.148521989906272,1.2699233975646547
"Portsmouth-Dover-Rochester,NH-ME",4.521739130434781,2.601049726746388,0.7083386704239785,0.7625570776255708,1.5721925133689836,6.370192307692308,0.019931913992909178,2.4222222222222225,7.6741167988464305,0.15601047278657296
"Poughkeepsie,NY",4.75776397515528,2.6091661706617604,0.39964134750864605,1.4840182648401827,4.038770053475936,5.754807692307693,0.12929285802480023,3.0444444444444447,5.336697909156452,0.22190924388658206
"Providence,RI",5.975155279503104,2.226611114117201,3.1049058537210197,3.1506849315068495,5.787433155080214,8.927884615384615,1.075970578378283,4.362222222222222,3.0410958904109586,0.6766737200445049
"Provo-Orem,UT",4.906832298136646,2.252042638385369,0.19853977199948764,0.8082191780821917,4.5467914438502675,4.408653846153847,0.3409592013123313,6.666666666666666,0.5969718817591927,0.1890931974986791
"Pueblo,CO",4.869565217391305,0.7997402737947081,0.5443832458050467,3.986301369863014,3.1497326203208558,4.576923076923078,0.22136771735487626,2.9311111111111114,2.308579668348955,0.07690077410994284
"Racine,WI",4.857142857142856,2.0475082517179803,1.137440758293839,3.410958904109589,3.2259358288770055,4.95673076923077,0.19737886511562272,3.813333333333334,1.9754866618601294,0.13432794200684087
"Raleigh-Durham,NC",6.732919254658384,1.6617066176072726,4.397335724349942,3.0730593607305936,7.217914438502673,8.432692307692308,1.0015345809888345,2.9022222222222225,4.844989185291997,0.6069087220981715
"Reading,PA",6.3229813664596275,1.3283913208159728,1.423081849622134,0.9771689497716893,2.640374331550802,6.379807692307693,0.18626638209302734,2.7755555555555556,3.665465032444123,0.3040486031596389
"Redding,CA",6.944099378881987,1.8532546940100643,0.29588830536697835,2.666666666666667,6.12566844919786,3.7019230769230784,0.13987617518917678,4.72,2.0389329488103822,0.06441073040514039
"Reno,NV",5.341614906832298,3.944591742871057,0.7326758037658512,3.6894977168949774,7.516042780748663,3.9807692307692317,0.3806466406787434,4.635555555555555,3.7952415284787318,0.1592800221038582
"Richland-Kinnewick-Pasco,WA",6.944099378881987,1.7866998539040093,0.3291917509926989,2.1506849315068495,4.771390374331551,0.1298076923076934,0.0841373714567936,2.008888888888889,3.2891131939437637,0.09942474197654425
"Richmond-Petersburg,VA",5.962732919254657,1.7228504951030787,3.080568720379147,3.506849315068493,7.399732620320854,5.95673076923077,0.9957137565484275,3.651111111111111,4.07354001441961,0.8505589468081467
"Riverside-San-Bernardino,CA",6.3354037267080745,2.486337319409123,2.764185986934802,5.328767123287671,2.6684491978609626,4.302884615384617,0.9304499673681054,3.595555555555556,2.708002883922134,1.8209161289364126
"Roanoke,VA",6.795031055900621,1.2537200367945456,1.2719354425515563,2.17351598173516,3.645721925133689,4.91346153846154,0.21360661810100012,3.857777777777778,3.2328767123287667,0.1918780985372755
"Rochester,MN",2.5217391304347823,2.1827823169741896,3.7440758293838865,0.5890410958904109,4.350267379679144,2.08173076923077,0.12647064011429981,2.6733333333333333,4.403749098774332,0.03554006196435254
"Rochester,NY",5.354037267080745,1.8667821005356853,2.4670167798129885,2.6757990867579906,5.374331550802138,9.043269230769232,1.217787028380929,5.242222222222222,4.699351117519827,1.1061792533761903
"Rockford,IL",4.48447204968944,1.3121584329852283,1.1861150249775843,3.872146118721461,2.462566844919786,4.70673076923077,0.17180251530171273,1.4066666666666667,2.2307137707281903,0.2638702866889402
"Sacramento,CA",5.850931677018632,2.540988041772631,1.2604073267580378,4.8173515981735155,5.283422459893048,5.250000000000002,0.7815779725892085,4.457777777777777,3.264599855803893,1.2627571786699718
"Saginaw-Bay-City-Midland,MI",5.093167701863354,1.1952816406038633,1.2540028179838607,3.4703196347031966,2.7286096256684487,5.1490384615384635,0.2920995537367929,3.9088888888888893,0.9574621485219899,0.4367898700229331
"St.-Cloud,MN",1.1180124223602483,1.12331583788756,0.7173049827078263,0.15981735159817356,4.572192513368984,3.85096153846154,0.3208508987000159,2.8266666666666667,3.522710886806056,0.12230184552359732
"St.-Joseph,MO",4.596273291925465,0.2326713922406798,0.23056231587037274,3.018264840182648,2.064171122994652,5.89423076923077,0.14587338824899018,2.1444444444444444,4.248017303532805,0.030525535301938925
"St.-Louis,MO-IL",5.366459627329192,1.32352145446675,3.5954912258229794,4.557077625570776,7.9866310160427805,8.793269230769232,1.559980950029104,4.317777777777778,3.9726027397260264,2.1258780140282543
"Salem,OR",7.590062111801242,1.7417888642389476,0.9043166389137953,3.223744292237443,4.795454545454545,7.58173076923077,0.1127123278006103,3.4955555555555553,1.13914924297044,0.22780295662239608
"Salem-Glouster,MA",6.695652173913043,3.497105135003517,1.5229921864992957,0.8310502283105021,3.0935828877005345,4.942307692307693,0.5686769089658334,4.297777777777777,4.706560922855083,0.2378855891539125
"Salinas-Seaside-Monterey,CA",9.167701863354036,4.6961744494345545,0.39579864224413985,3.648401826484018,4.030748663101605,3.5480769230769234,0.16792196567477466,6.397777777777778,3.764960346070657,0.2771798487142391
"Salt-Lake-City-Ogden,UT",5.41614906832298,2.3305015962339697,2.034071986678622,3.018264840182648,6.795454545454545,3.072115384615385,0.9659040798687668,7.999999999999999,2.735400144196107,1.0318892478831039
"San-Angelo,TX",4.75776397515528,0.6287538553108596,0.247214038683233,3.3059360730593603,2.3970588235294117,4.8365384615384635,0.2203093856384386,1.8577777777777778,6.74116798846431,0.026745765811863192
"San-Antonio,TX",3.639751552795031,0.9409663979221903,1.657486870757013,4.059360730593608,5.671122994652405,5.947115384615385,0.7484169121408286,2.686666666666667,5.519826964671953,1.2288317991617534
"San-Diego,CA",9.91304347826087,5.035441805097126,3.039579864224414,3.6118721461187215,5.807486631016042,5.254807692307693,1.5462226377154145,6.771111111111111,3.5241528478731077,2.190690588483564
"San-Francisco,CA",9.999999999999998,6.49261403603701,4.717561163058793,5.986301369863013,9.56417112299465,8.028846153846155,2.5001322914645545,9.555555555555555,4.35183850036049,1.7365154835992223
"San-Jose,CA",9.254658385093167,5.8919971862994425,2.656590239528628,3.45662100456621,5.4532085561497325,4.846153846153847,1.127828832483728,3.697777777777778,6.092285508291276,1.5005234323180765
"Santa-Barbara-Santa-Maria-Lompoc,CA",9.316770186335402,5.620907959526,0.6263609581145126,3.2785388127853885,6.038770053475936,4.89423076923077,0.46425484627731817,6.666666666666666,4.002883922134103,0.28722594996846745
"Santa-Cruz,CA",9.167701863354036,4.947784210811103,1.270654540796721,2.9954337899543377,5.16711229946524,4.375000000000002,0.6519323373255957,3.117777777777778,3.302090843547224,0.15260454003407883
"Santa-Rosa-Petaluma,CA",7.788819875776396,4.205400140685028,1.2924298706289228,2.7579908675799087,2.8983957219251333,4.908653846153847,0.6006032490783695,4.344444444444444,3.8327325162220625,0.288427828991246
"Sarasota,FL",3.5527950310559,2.3813646447703043,0.9709235301652362,2.8812785388127855,3.471925133689839,4.447115384615385,0.13493729384580105,4.966666666666667,6.7339581831290545,0.16978641745191664
"Savannah,GA",5.428571428571429,0.9398842054001406,1.3334187267836557,5.963470319634703,6.434491978609625,3.6298076923076934,0.3898188488878697,4.304444444444444,3.6712328767123292,0.1920729320161454
"Scranton-Wilkes-Barre,PA",5.838509316770185,0.832206049456198,1.5063404636864353,0.2922374429223744,3.393048128342246,7.35096153846154,0.3139717425431711,2.4133333333333336,2.684931506849315,0.8109651307740576
"Seattle,WA",8.732919254658384,2.7184676153887777,3.4225694889202,3.936073059360731,7.338235294117647,4.85096153846154,1.680101599844778,10.0,4.118240807498198,1.8809333643930373
"Sharon,PA",5.77639751552795,0.832206049456198,0.8415524529268605,0.3470319634703196,1.1657754010695185,6.35096153846154,0.0,1.7777777777777781,1.4563806777217012,0.07973438351825671
"Sheboygan,WI",4.186335403726707,1.6027271251555648,0.7044959651594722,0.6484018264840181,3.092245989304813,4.115384615384617,0.03809994179175559,2.257777777777778,2.480173035328046,0.046412987794534954
"Sherman-Denison,TX",5.204968944099379,0.3046371949569826,0.4495965159472268,3.319634703196347,1.0387700534759357,4.572115384615385,0.0028222179105004148,1.4155555555555557,4.5681326604181685,0.032848924537462285
"Shreveport,LA",5.0062111801242235,0.7440073589091498,1.7958242602792367,4.059360730593608,4.352941176470589,5.562500000000002,0.48930203023300933,2.42,5.1045421773612105,0.32909688228684825
"Sioux-City,IA-NE",3.4782608695652173,0.7407607813430008,1.0285641091328297,2.059360730593607,4.239304812834224,4.673076923076923,0.23653713862381598,2.3533333333333335,2.311463590483057,0.06653197990633625
"Sioux-Falls,SD",2.124223602484472,1.5280558411341376,1.2783399513257334,1.132420091324201,6.852941176470587,4.567307692307693,0.07284849981479195,2.2755555555555556,3.113193943763518,0.05676351635949747
"South-Bend-Mishawaka,IN",5.46583850931677,0.42151398733834755,1.0080696810554632,3.333333333333333,6.001336898395721,5.639423076923078,0.46213818284444286,3.375555555555556,2.8997837058399423,0.21772275950936548
"Spokane,WA",5.826086956521738,0.9566581894919106,0.5815293966952735,2.5616438356164384,5.867647058823529,5.158653846153847,0.517876986576826,2.7044444444444444,2.4181687094448447,0.3397591444180026
"Springfield,IL",5.204968944099379,1.4734051187706294,2.3491738183681314,4.187214611872146,6.720588235294116,6.620192307692308,0.34060642407351877,2.7466666666666666,3.3727469358327324,0.15217590638056508
"Springfield,MA",4.3229813664596275,1.5583572317515282,0.8543614704752145,4.127853881278539,6.7032085561497325,8.769230769230772,0.602190746653026,2.697777777777778,3.2357606344628698,0.5509391521650688
"Springfield,MO",5.453416149068323,0.6406579730534063,0.6840015370821058,2.666666666666667,3.5868983957219247,4.846153846153847,0.27904679590072845,3.1933333333333334,4.162941600576785,0.17642658595365085
"Stamford,CT",6.745341614906831,10.0,3.2880748046624824,2.4063926940639266,2.6270053475935824,6.384615384615385,1.3781242834212335,3.175555555555556,4.4888248017303525,0.16564985915366043
"State-College,PA",5.838509316770185,1.7563984632866187,0.7288330985013449,1.0593607305936075,2.1323529411764706,7.057692307692308,0.21501772705625033,2.0,2.3532804614275413,0.06081239959226223
"Steubenville-Weirton,OH-WV",5.428571428571429,0.7678155943942429,0.5917766107339567,0.5022831050228309,0.5173796791443848,4.668269230769232,0.01675691884359621,2.577777777777778,1.0079307858687816,0.12211066517245625
"Stockton,CA",6.459627329192546,1.7937341052973323,0.38298962469578585,4.963470319634703,4.387700534759357,2.1826923076923084,0.2693454218333833,2.9555555555555557,3.788031723143474,0.3464650692188554
"Syracuse,NY",5.503105590062111,1.3586927114333642,1.277059049570898,1.7397260273972603,7.762032085561497,6.937500000000002,0.8868819783747552,5.668888888888889,2.0605623648161497,0.7064552349990094
"Tacoma,WA",8.732919254658384,1.4128023375358474,0.6353272703983605,3.8995433789954337,4.792780748663102,4.062500000000002,0.7487696893796412,8.222222222222223,2.656092285508291,0.5148754752262534
"Tallahassee,FL",3.714285714285714,1.5529462691412803,0.41885487383117714,3.8949771689497714,5.862299465240641,5.235576923076923,0.3755313707159614,3.635555555555556,4.29127613554434,0.15513615755014437
"Tampa-St.-Petersburg-Clearwater,FL",4.161490683229813,1.2353227639197009,1.4679134110413732,5.410958904109589,5.939839572192513,6.45673076923077,0.8798264335985042,5.873333333333333,6.07209805335256,1.8884027928892113
"Terre-Haute,IN",5.614906832298136,0.1991234240571398,0.5251697194825157,1.4703196347031964,3.21524064171123,6.302884615384617,0.20708023918296792,2.4466666666666668,1.8860850757029564,0.09063044582405491
"Texarkana,TX-Texarkana,AR",4.496894409937887,0.30193171365185867,0.3842705264506212,2.34703196347032,1.8609625668449197,5.759615384615385,0.0019402748134690357,0.82,2.490266762797404,0.061186236329843824
"Toledo,OH",5.130434782608695,1.4111790487527731,2.17112847444601,3.1506849315068495,5.5855614973262036,5.533653846153847,0.7649974423650185,3.6711111111111117,2.1470800288392216,0.6746644997936592
"Topeka,KS",4.919254658385093,1.0556788052594555,1.4153964390931217,3.1552511415525117,5.6189839572192515,5.259615384615385,0.2786940186619159,1.8688888888888888,3.4881038211968276,0.11214615043750467
"Trenton,NJ",6.596273291925465,2.9527622964125317,1.7023184321762521,3.986301369863014,4.867647058823529,7.740384615384617,0.8778861587850352,2.991111111111111,3.9322278298485944,0.29839112601695467
"Tuscon,AZ",6.012422360248447,1.8337752286131703,1.5575765338798515,4.986301369863014,4.347593582887701,4.730769230769232,0.8531917520681566,6.29111111111111,4.472963229992789,0.5706465585527575
"Tulsa,OK",5.279503105590061,1.2656241545370923,1.9700268989368515,3.525114155251142,3.49331550802139,4.45673076923077,0.7401266470287337,3.831111111111111,5.868781542898342,0.7237491416671974
"Tuscaloosa,AL",4.53416149068323,0.7061306206374112,0.80824900730114,3.223744292237443,4.783422459893048,3.3125000000000018,0.24341629478066074,1.7555555555555555,2.6748377793799563,0.09098845234147832
"Tyler,TX",4.906832298136646,1.1574049023321247,0.8056872037914692,2.954337899543379,3.094919786096256,7.605769230769232,0.062088794031009115,0.7355555555555556,6.174477289113193,0.07981597003753346
"Utica-Rome,NY",5.503105590062111,0.8576375737243653,0.4457538106827206,0.4200913242009132,4.608288770053475,6.10096153846154,0.1421692272414584,3.2222222222222223,3.1449170872386443,0.3133896507622069
"Vallejo-Fairfield-Napa,CA",8.894409937888197,2.8916184189167256,1.3270142180094788,2.9954337899543377,4.021390374331551,3.83173076923077,0.5132908824722628,2.797777777777778,4.0,0.3307079116152536
"Vancouver,WA",8.236024844720497,2.086467182511769,0.6071474317919815,2.0273972602739727,3.5721925133689836,3.0336538461538467,0.2654648722064452,2.586666666666667,2.2004325883201155,0.15758010000071845
"Victoria,TX",2.869565217391304,1.0735349818732751,0.2779556807992827,3.5799086757990866,1.6871657754010694,4.783653846153847,0.006173601679219657,2.466666666666667,6.566690699351117,0.007290425237462442
"Vineland-Millville-Bridgeton,NJ",6.3354037267080745,1.1557816135490504,0.9786089406942488,3.776255707762557,3.9946524064171123,5.028846153846155,0.3607147266858342,2.608888888888889,2.8521989906272527,0.08529566163074892
"Visalia-Tulare-Porterville,CA",5.440993788819876,1.417131107624046,0.21391059305751248,3.762557077625571,2.6056149732620315,2.0528846153846168,0.08096237630748064,5.555555555555555,3.6308579668348955,0.2227409392995079
"Waco,TX",3.813664596273292,0.5124181591905201,0.634046368643525,3.917808219178082,2.5040106951871652,5.605769230769232,0.19208720653343445,2.106666666666667,4.6344628695025225,0.13143344713638017
"Washington,DC-MD-VA",6.534161490683228,4.634489475677723,5.530933777379275,4.607305936073059,9.47994652406417,9.298076923076925,3.818637221526467,2.8400000000000003,4.364816149963952,3.8820595019009057
"Materbury,CT",5.763975155279503,2.632433309885829,1.5050595619315998,2.1963470319634704,1.7232620320855614,6.221153846153847,0.046919372762069395,1.4355555555555557,3.764960346070657,0.17309493346497584
"Waterloo-Cedar-Falls,IA",3.006211180124223,1.4728640225096044,1.1297553477648266,1.7899543378995435,2.9491978609625664,5.7115384615384635,0.5199936500097013,3.555555555555556,1.96395097332372,0.12172343363320237
"Wausau,WI",2.5217391304347823,1.343542016124669,0.9926988599974381,0.6118721461187213,3.143048128342246,5.03846153846154,0.1250595311590496,3.008888888888889,1.8096611391492434,0.058998012820286466
"West-Palm-Beach-Boca-Raton-Delray-Beach,FL",5.0186335403726705,2.8964882852659484,0.4252593826053542,6.735159817351597,5.422459893048128,7.322115384615385,0.5002381246361984,7.715555555555555,7.133381398702236,0.6259549123669456
"Wheeling,WV-OH",5.428571428571429,0.7667334018721932,0.9581145126168823,0.0,1.7446524064171123,6.254807692307693,0.06526378918032208,2.157777777777778,2.444124008651766,0.14946893873351663
"Wichita,KS",4.832298136645962,1.0291650884692385,0.9773280389394133,3.908675799086758,3.727272727272727,6.153846153846155,0.5177005979574197,2.6844444444444444,4.312905551550108,0.42436314719876345
"Wichita-Falls,TX",4.3602484472049685,0.6736648449759213,0.6481362879467145,3.9771689497716896,2.2032085561497325,5.028846153846155,0.09648457481523293,1.8355555555555556,5.421773612112473,0.07094617591198205
"Williamsport,PA",5.627329192546583,1.149829554677777,1.0464967337005253,0.7123287671232876,2.609625668449197,5.793269230769232,0.025399961194503728,0.9466666666666667,0.35039653929343917,0.06769976307031261
"Wilmington,DE-NJ-MD",6.111801242236025,1.497754450516747,1.7958242602792367,3.684931506849315,4.52807486631016,6.783653846153847,0.7925140669923976,3.606666666666667,4.5118961788031715,0.5606345531573314
"Wilmington,NC",5.7018633540372665,0.919322547481197,1.352632253106187,5.091324200913242,2.3516042780748663,5.6490384615384635,0.1807983348914328,5.262222222222222,3.38139870223504,0.04950109843462258
"Worcester,MA",5.6770186335403725,1.9241383042043179,2.2569488920199823,1.6986301369863013,3.339572192513369,7.682692307692308,0.3055050888116699,1.3555555555555556,2.8767123287671232,0.41414047810430926
"Yakima,WA",5.341614906832298,0.6931443103728152,0.3509670808249007,3.6438356164383565,3.457219251336898,3.7980769230769234,0.16651085671952445,4.088888888888889,2.798846431146359,0.1335680914392483
"York,PA",5.403726708074533,1.738001190411774,0.8582041757397207,0.6027397260273972,1.5,5.778846153846155,0.17109696082408762,1.2044444444444444,2.741167988464311,0.38776124277457
"Youngstown-Warren,OH",5.77639751552795,1.0075212380282452,1.3500704495965161,2.8767123287671232,2.979946524064171,5.860576923076925,0.48418676027022733,2.2822222222222224,1.2242249459264603,0.5705333115931643
"Yuba-City,CA",6.248447204968944,1.4696174449434558,0.21647239656718326,3.9771689497716896,2.169786096256684,3.2980769230769234,0.012347203358439314,1.3733333333333335,2.377793799567412,0.04768427624416094
